stage,users,conversion_from_previous,overall_conversion,conversion_from_previous_pct,overall_conversion_pct,dropoff_users,dropoff_rate_pct
Acquisition: Active grocery users,206209,1.0,1.0,100.0,100.0,0.0,0.0
Activation: Bought 2+ organic items,181031,0.8779005765994695,0.8779005765994695,87.79005765994695,87.79005765994695,25178.0,12.209942340053049
Retention: Bought organic in 3+ orders,166470,0.9195662621319001,0.807287751747014,91.95662621319,80.7287751747014,14561.0,8.043373786809994
Loyalty: 15%+ organic basket share,136075,0.8174145491680183,0.6598887536431485,81.74145491680183,65.98887536431485,30395.0,18.258545083198175
"High-value: 25%+ organic share, 5+ organic orders, 10+ total orders",61585,0.45258129707881684,0.29865330805153995,45.258129707881686,29.865330805153995,74490.0,54.74187029211832
