department,total_items,organic_items,users,organic_penetration_pct
beverages,550448,72705,55473,13.208332122198646
household,125630,43,28567,0.03422749343309719
personal care,77330,4540,24785,5.870942713047976
alcohol,19644,165,2865,0.8399511301160659
pets,13860,386,2913,2.784992784992785
