organic_segment,users,avg_total_orders,avg_total_items,avg_organic_items,avg_organic_orders,avg_organic_item_share,avg_organic_order_share,user_share_pct,growth_action
Organic loyal but not high-value,70664,9.434492811049473,91.6001500056606,27.761321181931393,7.749617910109816,0.3521734821912023,0.8806277882737096,34.268145425272415,"Upgrade to high-value using category expansion, replenishment bundles, and premium organic packs."
Organic high-value user,61585,27.597353251603476,301.74341154501906,132.60365348705042,25.70999431679792,0.4317946725329099,0.9294398956078095,29.865330805153995,"Protect and monetize through membership, subscription, referrals, and premium bundles."
Organic low-share repeat user,34221,18.926594780982438,191.44893486455686,13.852020689050583,8.578036877940447,0.08153553198637596,0.5280807931989077,16.595298944274983,Increase organic basket share using organic alternatives and cross-sell.
Non-organic buyer,15643,8.719810777983763,52.58198555264335,0.0,0.0,0.0,0.0,7.585992851912381,Drive first organic trial with starter offers and trust messaging.
Organic early repeat user,14561,7.659776114277865,56.21406496806538,3.066066891010233,1.832703797816084,0.10981991953687398,0.34279217473301643,7.061282485245552,Build habit through reorder nudges and small organic bundles.
Organic light trial user,9535,8.830204509701101,59.85925537493445,1.0,1.0,0.039941574572464236,0.17071754387644508,4.623949488140673,"Push second organic purchase using coupon, reminder, or personalized recommendation."
